{
  "JAVASCRIPT": {
    "DIST_DIR": "./build",
    "envision": [
      "./js/license.js",
      "./js/Envision.js",
      "./js/Visualization.js",
      "./js/Component.js",
      "./js/Interaction.js",
      "./js/Preprocessor.js",
      "./js/actions/namespace.js",
      "./js/actions/hit.js",
      "./js/actions/selection.js",
      "./js/actions/zoom.js",
      "./js/adapters/namespace.js",
      "./js/adapters/flotr/namespace.js",
      "./js/adapters/flotr/defaultOptions.js",
      "./js/adapters/flotr/Child.js",
      "./js/adapters/flotr/lite-lines.js",
      "./js/adapters/flotr/whiskers.js",
      "./js/components/namespace.js",
      "./js/components/QuadraticDrawing.js",
      "./js/templates/namespace.js",
      "./js/templates/Finance.js",
      "./js/templates/TimeSeries.js",
      "./js/templates/Zoom.js"
    ],
    "flotr": [
      "./lib/flotr2/js/Flotr.js",
      "./lib/flotr2/js/DefaultOptions.js",
      "./lib/flotr2/js/Color.js",
      "./lib/flotr2/js/Date.js",
      "./lib/flotr2/js/DOM.js",
      "./lib/flotr2/js/EventAdapter.js",
      "./lib/flotr2/js/Graph.js",
      "./lib/flotr2/js/Axis.js",
      "./lib/flotr2/js/Series.js",
      "./lib/flotr2/js/Text.js",
      "./lib/flotr2/js/types/lines.js",
      "./lib/flotr2/js/types/bars.js",
      "./lib/flotr2/js/types/points.js",
      "./lib/flotr2/js/plugins/selection.js",
      "./lib/flotr2/js/plugins/legend.js",
      "./lib/flotr2/js/plugins/hit.js",
      "./lib/flotr2/js/plugins/labels.js",
      "./lib/flotr2/js/plugins/legend.js",
      "./lib/flotr2/js/plugins/titles.js",
      "./lib/flotr2/js/plugins/handles.js"
    ]
  },
  "CSS": {
    "DIST_DIR": "./",
    "envision": [
      "css/flotr.css",
      "css/templates/finance.css",
      "css/templates/timeseries.css"
    ]
  }
}
